id,tau_days,p_days,tau_length,p_length,tau,p,lon,lat,p_days_adj,p_length_adj,p_number_adj,days_sig,length_sig,num_sig
00044,0.34141162037849426,0.006891131401062012,0.21063503623008728,0.1148613691329956,0.22148515284061432,0.12566757202148438,8.237,52.9336,0.014782588328084637,0.17068784463339012,0.2455958998795097,1,0,0
00073,0.35078537464141846,0.005135178565979004,0.23469431698322296,0.07505524158477783,0.20805545151233673,0.14467453956604004,13.062,48.6183,0.01187789129174274,0.1232388534663636,0.2654029484452872,1,0,0
00078,0.25375962257385254,0.0434192419052124,0.17491157352924347,0.18678033351898193,0.13110370934009552,0.367154598236084,7.9125,52.4853,0.05922829921428974,0.24354690547082938,0.47708499373459234,0,0,0
00142,0.1992531716823578,0.11803603172302246,0.0880628153681755,0.51511383056640625,0.04558037593960762,0.7704710960388184,11.3117,48.406,0.13770870367685956,0.5547379713792067,0.8451345035568676,0,0,0
00150,0.5279335379600525,2.7298927307128906e-5,0.44385474920272827,7.797479629516602e-4,0.3311289846897125,0.021208882331848145,8.1164,49.7273,7.108251253763835e-4,0.011769572893778484,0.09918069070385348,1,1,0
00151,0.47204920649528503,1.6796588897705078e-4,0.41060325503349304,0.0017800331115722656,0.3210112154483795,0.022526144981384277,11.8546,49.4691,0.001834282508263221,0.014429822112574722,0.09918069070385348,1,1,0
00164,0.3873736560344696,0.0020374059677124023,0.3400670886039734,0.008991241455078125,0.3130435645580292,0.02930283546447754,13.9908,53.0316,0.006229310200132173,0.03920770864017674,0.10669094324111938,1,1,0
00183,0.1570778638124466,0.2541067600250244,0.11585627496242523,0.41181480884552,0.06614608317613602,0.6834808588027954,13.4344,54.6791,0.28281338145044554,0.46026360988616943,0.7649145490454828,0,0,0
00198,0.38441193103790283,0.0023097991943359375,0.42008402943611145,0.0017715692520141602,0.42008402943611145,0.0032296180725097656,11.292,51.3744,0.006625971895583133,0.014429822112574722,0.05050645934210884,1,1,0
00217,0.21242094039916992,0.09863340854644775,0.13154146075248718,0.3326535224914551,0.23895691335201263,0.10303950309753418,11.3643,47.8774,0.11740279197692871,0.3830555713537968,0.22383252779642743,0,0,0
00232,0.2236967831850052,0.07872653007507324,0.13500745594501495,0.31212007999420166,0.17564596235752106,0.2310349941253662,10.9417,48.4253,0.09740119534869528,0.36543108026186627,0.35117319107055667,0,0,0
00257,0.5316910743713379,2.3126602172851563e-05,0.42369240522384644,0.001107931137084961,0.3588724136352539,0.010872244834899902,8.2457,48.727,6.835195753309462e-4,0.012796173493067425,0.09210633530336268,1,1,0
00259,0.5856668949127197,5.9604644775390625e-6,0.5236396193504333,9.000301361083984e-5,0.49005770683288574,6.843805313110352e-4,7.6387,47.8064,5.284945170084636e-4,0.005980443954467774,0.05050645934210884,1,1,0
00282,0.35106509923934937,0.005522727966308594,0.2670307159423828,0.044616103172302246,0.2113712877035141,0.14279794692993164,10.9206,49.8743,0.012555945632804153,0.09129141110640306,0.2637795408566793,1,0,0
00298,0.12839333713054657,0.3148000240325928,0.14213381707668304,0.2944093942642212,0.0245432797819376,0.8840166330337524,12.7108,54.3405,0.34318363275684294,0.3524065613746643,0.9405936975479127,0,0,0
00314,0.19688104093074799,0.1193079948425293,0.13049085438251495,0.32190537452697754,0.07637479156255722,0.6005561351776123,14.5042,51.1604,0.13858483243717376,0.37391628656845427,0.6883448657826481,0,0,0
00320,0.3007413446903229,0.01807880401611328,0.2490001618862152,0.06295251846313477,0.22771793603897095,0.11140024662017822,11.5198,49.9666,0.02957247810129739,0.11314439129185033,0.22794204308436466,1,0,0
00330,0.44668737053871155,4.514455795288086e-4,0.30006489157676697,0.023644089698791504,0.3304494023323059,0.020253658294677734,8.9673,49.5617,0.0027745962142944336,0.06236884145453425,0.09918069070385348,1,0,0
00377,0.4912908673286438,0.00012826919555664063,0.4691946804523468,4.1961669921875e-4,0.3287818133831024,0.0231173038482666,7.9967,49.107,0.0015508911826393821,0.008586003230168268,0.09918069070385348,1,1,0
00379,0.07412493228912354,0.9000041484832764,0.24174688756465912,0.5065550804138184,-0.13750478625297546,0.7720589637756348,11.2665,50.9075,0.9172456072664809,0.5477384202848605,0.8451345035568676,0,0,0
00400,0.38213229179382324,0.002295374870300293,0.3601813018321991,0.0069283246994018555,0.29767757654190063,0.03666698932647705,13.5021,52.631,0.006625971895583133,0.033507897637107154,0.12041258223262834,1,1,0
00403,0.24545785784721375,0.05244457721710205,0.29355159401893616,0.02743709087371826,0.26540297269821167,0.059694886207580566,13.3017,52.4537,0.0687204804913751,0.06671830090609464,0.16021201398112986,0,0,0
00427,0.391071617603302,0.0017760992050170898,0.3713006377220154,0.004868745803833008,0.41471442580223083,0.0034177303314208984,13.5306,52.3807,0.005761492543104219,0.02877969741821289,0.05050645934210884,1,1,0
00433,0.34655842185020447,0.005483746528625488,0.3235156536102295,0.014280915260314941,0.30719587206840515,0.030483126640319824,13.402,52.4676,0.012555945632804153,0.04748404324054718,0.10669094324111938,1,1,0
00445,0.41988036036491394,7.445812225341797e-4,0.4143877327442169,0.0016630887985229492,0.35666561126708984,0.011265397071838379,11.711,51.8218,0.0035367608070373535,0.014429822112574722,0.09210633530336268,1,1,0
00460,0.25952690839767456,0.039750099182128906,0.22790613770484924,0.08226227760314941,0.3126426935195923,0.025678634643554688,6.6868,49.2641,0.055070449908574425,0.1318178665207093,0.10250458788515916,0,0,0
00535,0.28699687123298645,0.023391127586364746,0.2576051354408264,0.049855589866638184,0.2447967827320099,0.08674252033233643,7.3079,50.0372,0.035554513931274415,0.09609845582989679,0.20786946313875215,1,0,0
00555,0.2572478950023651,0.16937243938446045,0.1781020164489746,0.3700364828109741,0.23924684524536133,0.2622281312942505,7.2289,51.5026,0.19253448237720716,0.42063976251162016,0.3811622017719707,0,0,0
00591,0.2740287780761719,0.029793262481689453,0.2822883129119873,0.0334773063659668,0.16412480175495148,0.2576723098754883,10.6878,53.3911,0.04427378670463349,0.07518895934609807,0.37659799135648286,1,0,0
00596,0.11660008132457733,0.3700695037841797,0.10564181953668594,0.44915854930877686,0.19843824207782745,0.18514370918273926,11.1908,54.0027,0.40015645531134875,0.49781739215056103,0.30136833588282264,0,0,0
00619,-0.5273982286453247,1.1727491801138967e-4,-0.487568199634552,3.997794119641185e-4,-0.15832512080669403,0.2885575294494629,6.6703,53.5788,0.0014854822948109359,0.008586003230168268,0.40398054122924804,1,1,0
00642,-0.4050520360469818,0.004823158495128155,-0.4028466045856476,0.005277527496218681,-0.2278365045785904,0.12627892196178436,8.4969,53.3518,0.011370582918150235,0.028962345123291017,0.2455958998795097,1,1,0
00656,0.26975730061531067,0.034650444984436035,0.23804745078086853,0.0709080696105957,0.10653714835643768,0.466823935508728,10.6021,51.7234,0.04928886826663093,0.12106000307278755,0.5644325765696439,1,0,0
00662,0.35355842113494873,0.00502622127532959,0.288986474275589,0.03321373462677002,0.19270719587802887,0.1903378963470459,10.4464,52.2915,0.01172784964243571,0.07518895934609807,0.30136833588282264,1,0,0
00691,0.2535179555416107,0.04551041126251221,0.23914194107055664,0.07010173797607422,0.2508525252342224,0.07618236541748047,8.7981,53.0451,0.06052884697914124,0.12106000307278755,0.191536488934098,0,0,0
00701,0.10573568940162659,0.4086794853210449,0.18030749261379242,0.17809057235717773,0.14433960616588593,0.32727837562561035,8.5761,53.5332,0.4365812975718793,0.23336006033009496,0.44190887267214396,0,0,0
00722,0.28117987513542175,0.05092024803161621,0.28117987513542175,0.05092024803161621,1,1,10.6183,51.7986,0.06715700177863093,0.09744450342740944,1,0,0,0
00755,0.4572238028049469,2.518892288208008e-4,0.438836008310318,7.964372634887695e-4,0.4331218898296356,0.0020884275436401367,9.3213,49.5182,0.0022206998640491114,0.011769572893778484,0.05050645934210884,1,1,0
00817,0.4147481918334961,0.0010384321212768555,0.31818529963493347,0.01593196392059326,0.285553514957428,0.044280052185058594,8.8146,51.0306,0.004603715737660726,0.048735577484657025,0.13369325796763104,1,1,0
00853,0.35508695244789124,0.004830360412597656,0.2389746904373169,0.07386565208435059,0.15912273526191711,0.27065110206604004,12.872,50.7913,0.011370582918150235,0.12287893891334534,0.38915239540306296,1,0,0
00867,0.2816142141819,0.026033520698547363,0.16224248707294464,0.22752296924591064,0.16024228930473328,0.2698577642440796,10.9679,50.3066,0.03920838118946485,0.28819576104482014,0.38915239540306296,1,0,0
00880,0.31877559423446655,0.010309815406799316,0.21353508532047272,0.1082533597946167,0.18756742775440216,0.18857479095458984,14.3168,51.7759,0.019177698588871455,0.16268584014332227,0.30136833588282264,1,0,0
00891,0.06628395617008209,0.6097787618637085,0.08024180680513382,0.5634183883666992,0.1094503402709961,0.46623897552490234,8.7058,53.8712,0.6335982447490096,0.6043116584900886,0.5644325765696439,0,0,0
00896,0.4210582971572876,7.892847061157227e-4,0.28393247723579407,0.033637166023254395,0.24823148548603058,0.083446502685546875,10.8619,51.0778,0.0036833286285400395,0.07518895934609807,0.2017888155850497,1,0,0
00953,0.3987959921360016,0.0016193389892578125,0.3106721043586731,0.01809561252593994,0.3305548429489136,0.020032882690429688,7.0542,49.7619,0.005564445181737972,0.053482588132222494,0.09918069070385348,1,0,0
00963,0.27134960889816284,0.031841397285461426,0.1787554919719696,0.1775498390197754,0.21769921481609344,0.1263420581817627,8.3424,52.5881,0.046537426801828236,0.23336006033009496,0.2455958998795097,1,0,0
00991,0.2675808370113373,0.034285783767700195,0.1476277858018875,0.26955556869506836,0.03257346525788307,0.8389089107513428,13.7087,50.9116,0.049032357431227164,0.3323645514826621,0.9071128872351918,1,0,0
01001,0.3303360641002655,0.00872182846069336,0.24012085795402527,0.07335424423217773,0.31501123309135437,0.02533888816833496,13.5747,51.6451,0.01718523237440321,0.12287893891334534,0.10250458788515916,1,0,0
01048,0.28757259249687195,0.023276805877685547,0.1972505897283554,0.13566482067108154,0.1252448707818985,0.3862192630767822,13.7543,51.1278,0.035554513931274415,0.1928354489042404,0.4915517893704501,1,0,0
01050,0.26637858152389526,0.04433858394622803,0.1507004350423813,0.2814335823059082,0.06624841690063477,0.6708406209945679,13.847,51.0221,0.05968672940225312,0.341832570289368,0.7561169711209961,0,0,0
01072,0.4346778988838196,4.7981739044189453e-4,0.33900290727615356,0.009806513786315918,0.237815260887146,0.0933617353439331,8.1929,49.4719,0.0027745962142944336,0.041591511832343206,0.21045950509734074,1,1,0
01078,0.338995099067688,0.007422447204589844,0.20517748594284058,0.12489116191864014,0.18296599388122559,0.20725011825561523,6.7686,51.296,0.015385044538057766,0.1825332366503202,0.32238907284206814,1,0,0
01107,0.39571815729141235,0.0017175674438476563,0.2478046715259552,0.06254851818084717,0.245904341340065,0.09200870990753174,10.4991,49.852,0.005710911750793458,0.11314439129185033,0.20918219517438838,1,0,0
01161,0.4716821312904358,4.253387451171875e-4,0.38442590832710266,0.006093740463256836,0.4267147481441498,0.004074454307556152,11.2349,48.8778,0.002770342477938024,0.03058367855143997,0.05704236030578613,1,1,0
01197,0.4996558427810669,6.854534149169922e-5,0.337197870016098,0.010827064514160156,0.32703498005867004,0.021344423294067383,10.1312,48.9895,0.0012155373891194663,0.04173911827197973,0.09918069070385348,1,1,0
01207,0.1156931221485138,0.37180376052856445,0.061655811965465546,0.6534371376037598,0.02295668236911297,0.8885418176651001,12.2742,50.2705,0.40040404979999245,0.6897392008039687,0.9416419262905045,0,0,0
01266,0.10312816500663757,0.41890954971313477,0.1435481160879135,0.2904372215270996,0.24893899261951447,0.08876931667327881,9.3162,54.2992,0.44571976089477544,0.3495760222905362,0.20906158288319907,0,0,0
01270,0.3346141576766968,0.008891105651855469,0.2874164879322052,0.0326310396194458,0.17180296778678894,0.2431962490081787,10.9613,50.9827,0.017389956642599666,0.07482634947217744,0.36405249793877764,1,0,0
01279,0.5333405137062073,2.110004425048828e-5,0.4370112717151642,7.807016372680664e-4,0.4180435538291931,0.00321805477142334,11.0075,49.6497,6.835195753309462e-4,0.011769572893778484,0.05050645934210884,1,1,0
01297,0.21605820953845978,0.08738052845001221,0.18904726207256317,0.16064822673797607,0.22667190432548523,0.11264026165008545,10.0138,51.2041,0.10613342724978651,0.21473582066483235,0.2287199206024636,0,0,0
01300,0.28854528069496155,0.03318905830383301,0.22997291386127472,0.10729825496673584,0.2471563220024109,0.1081932783126831,8.1565,51.254,0.0478666911254058,0.1621666808019985,0.22483915649354458,1,0,0
01303,0.3153284788131714,0.012954354286193848,0.2928600609302521,0.027288079261779785,0.21850818395614624,0.12984085083007813,6.9677,51.4041,0.022849947214126587,0.06671830090609464,0.2455958998795097,1,0,0
01327,0.4277043044567108,6.488561630249023e-4,0.32222887873649597,0.014097452163696289,0.3023518919944763,0.03335976600646973,6.7905,50.7119,0.0031962173956411855,0.047467370576496366,0.11524282802234996,1,1,0
01332,0.3112315833568573,0.013806939125061035,0.14042335748672485,0.29676342010498047,0.060988664627075195,0.6852027177810669,12.7241,48.4832,0.023694489079137,0.3524065613746643,0.7649145490454828,1,0,0
01346,1,1,1,1,1,1,8.0038,47.8748,1,1,1,0,0,0
01357,0.46255946159362793,2.588033676147461e-4,0.33336156606674194,0.011387109756469727,0.3623363673686981,0.011584639549255371,11.8376,49.9807,0.0022206998640491114,0.04225798116789924,0.09210633530336268,1,1,0
01358,0.30148598551750183,0.0359654426574707,0.2955402135848999,0.04236948490142822,1,1,12.9536,50.4283,0.05061803040681062,0.08771558695061263,1,0,0,0
01379,1,1,1,1,1,1,9.3753,54.7737,1,1,1,0,0,0
01411,0.17579160630702972,0.20296549797058105,0.08446516841650009,0.5722312927246094,0.1504487842321396,0.3443334102630615,10.0479,50.5309,0.229739670043296,0.6088540954589844,0.4534291442077939,0,0,0
01420,0.45045825839042664,3.396272659301758e-4,0.2336301952600479,0.07956540584564209,0.28428155183792114,0.044394493103027344,8.5213,50.0259,0.0024374723434448242,0.12905120704232192,0.13369325796763104,1,0,0
01443,0.2874513566493988,0.022433876991271973,0.1445905566215515,0.27483034133911133,0.1794351488351822,0.21016156673431396,7.8343,48.0232,0.03469425162603689,0.3353434440192826,0.3236224871839402,1,0,0
01451,0.22401729226112366,0.07685613632202148,0.19138690829277039,0.14988327026367188,0.150481715798378,0.3066849708557129,9.2493,53.8277,0.09553145916662484,0.20551005098008618,0.42239602816473576,0,0,0
01468,0.38293856382369995,0.002501964569091797,0.2667892575263977,0.04253876209259033,0.251699298620224,0.0805046558380127,8.409,48.4538,0.0069325268268585205,0.08771558695061263,0.19827998567510532,1,0,0
01490,1,1,1,1,1,1,9.4795,47.6454,1,1,1,0,0,0
01503,0.19356083869934082,0.16441619396209717,0.10480199009180069,0.4779963493347168,0.1085108295083046,0.4951484203338623,7.902,53.0643,0.18770260769921823,0.523238802152406,0.5853754658169217,0,0,0
01526,0.3653876483440399,0.0075190067291259766,0.27487054467201233,0.05452251434326172,0.35374999046325684,0.02171611785888672,9.6532,50.5668,0.015385044538057766,0.10285807670430934,0.09918069070385348,1,0,0
01544,0.3224823772907257,0.010146617889404297,0.29386311769485474,0.025900840759277344,0.21802331507205963,0.13544774055480957,11.3942,52.5129,0.019177698588871455,0.06438900599969882,0.25372604920830527,1,0,0
01550,0.34198853373527527,0.006263136863708496,0.18908199667930603,0.15730750560760498,0.20443615317344666,0.15710151195526123,11.0621,47.483,0.01399995298946605,0.21198635751550848,0.2719898054676671,1,0,0
01580,0.452966570854187,2.9337406158447266e-4,0.3269672989845276,0.012516498565673828,0.38305017352104187,0.006585478782653809,7.9548,49.9859,0.002295220599454992,0.045608063266701894,0.08110724045680119,1,1,0
01590,0.32895857095718384,0.009571433067321777,0.16030864417552948,0.23145532608032227,0.12040136754512787,0.4084271192550659,6.2463,51.4942,0.018316555366241674,0.29178728311547736,0.50298085698375,1,0,0
01602,0.6199663877487183,2.7418136596679688e-06,0.5312008857727051,1.0561943054199219e-4,0.4485231935977936,0.0024204254150390625,7.993,48.433,3.6466121673583984e-4,0.005980443954467774,0.05050645934210884,1,1,0
01605,0.3702941834926605,0.0029861927032470703,0.412834495306015,0.001790165901184082,0.4305960536003113,0.0023903846740722656,12.1602,52.3875,0.007711915136540978,0.014429822112574722,0.05050645934210884,1,1,0
01612,0.3385133743286133,0.007223844528198242,0.3767012357711792,0.005113720893859863,0.31953102350234985,0.025818824768066406,12.1289,50.8812,0.015250338448418511,0.028962345123291017,0.10250458788515916,1,1,0
01639,0.2991255223751068,0.01739025115966797,0.21447323262691498,0.10212206840515137,0.18554817140102386,0.19187486171722412,8.6439,50.6017,0.02909312458158289,0.15680122512510453,0.3020042202176427,1,0,0
01645,0.43059784173965454,5.828142166137695e-4,0.3250099718570709,0.013596057891845703,0.3249874413013458,0.02243506908416748,9.05,50.9656,0.0030397761101816217,0.04696819999001243,0.09918069070385348,1,1,0
01684,0.368088960647583,0.0031266212463378906,0.32283714413642883,0.013132452964782715,0.2187749445438385,0.12484431266784668,14.9506,51.1621,0.007921733946170448,0.04687857627868652,0.2455958998795097,1,1,0
01691,0.25313276052474976,0.044667959213256836,0.1927424967288971,0.1496948003768921,0.22771793603897095,0.11140024662017822,9.9507,51.5002,0.05970692035540864,0.20551005098008618,0.22794204308436466,0,0,0
01694,0.42732709646224976,7.079839706420898e-4,0.4251759946346283,0.0012235641479492188,0.40352678298950195,0.004869341850280762,12.1034,53.6058,0.0034240679307417435,0.013018722534179688,0.06476224660873413,1,1,0
01736,0.32384446263313293,0.01053619384765625,0.3889012336730957,0.003379344940185547,0.36568155884742737,0.010871648788452148,10.6797,53.5731,0.019462691413031686,0.02231974136538622,0.09210633530336268,1,1,0
01757,0.271949827671051,0.033290743827819824,0.24791865050792694,0.06648862361907959,0.19985242187976837,0.17334294319152832,13.4056,54.0967,0.0478666911254058,0.11712565485215344,0.28818264305591584,1,0,0
01759,0.2511371970176697,0.11314749717712402,0.17729133367538452,0.290224552154541,1,1,13.9104,54.2437,0.13317360287219024,0.3495760222905362,1,0,0,0
01803,0.1560809463262558,0.22277474403381348,0.16574594378471375,0.2096846103668213,0.10233928263187408,0.4844857454299927,12.3238,54.0714,0.2510935674279423,0.2694497891670264,0.5753268226981163,0,0,0
01869,0.37236469984054565,0.0031499862670898438,0.3713006377220154,0.004868745803833008,0.32860293984413147,0.02398538589477539,13.9339,53.3154,0.007921733946170448,0.02877969741821289,0.10042403265833855,1,1,0
01964,0.5005678534507751,8.58306884765625e-5,0.389299601316452,0.003077864646911621,0.35755839943885803,0.012550115585327148,6.3821,49.9445,0.0012683868408203125,0.021545052528381348,0.09538087844848632,1,1,0
01975,0.14701271057128906,0.2520630359649658,0.15217240154743195,0.25342440605163574,0.15785956382751465,0.2758476734161377,9.9881,53.6332,0.28171751078437357,0.3179759057062977,0.393799521706321,0,0,0
01981,0.32346832752227783,0.010290861129760742,0.36906948685646057,0.005444049835205078,0.3498823344707489,0.01500558853149414,9.8957,53.4776,0.019177698588871455,0.028962345123291017,0.09918069070385348,1,1,0
01993,-0.4961510896682739,2.1091106464155018e-4,-0.46557724475860596,6.399087142199278e-4,-0.36125677824020386,0.014462431892752647,9.3896,52.0848,0.0020036551140947267,0.01134771453216672,0.09918069070385348,1,1,0
02014,0.3633221685886383,0.0039789676666259766,0.29580819606781006,0.027590274810791016,0.1902340054512024,0.19025635719299316,9.6779,52.4644,0.009710141278188164,0.06671830090609464,0.30136833588282264,1,0,0
02039,0.26224401593208313,0.14260554313659668,0.2864900231361389,0.13628971576690674,0.03604920953512192,0.9272644519805908,10.5699,51.9002,0.16492641075797704,0.1928354489042404,0.9710722213655005,0,0,0
02044,0.3716280460357666,0.0031567811965942383,0.25420844554901123,0.05522608757019043,0.28117987513542175,0.05092024803161621,11.1366,51.652,0.007921733946170448,0.10317994331146454,0.144093467834148,1,0,0
02074,0.41706180572509766,9.883642196655273e-4,0.23120495676994324,0.07950425148010254,0.19925320148468018,0.16440117359161377,8.98,48.3752,0.0044560149564581404,0.12905120704232192,0.27503592563125323,1,0,0
02110,0.38813692331314087,0.0020138025283813477,0.2754020392894745,0.03827524185180664,0.09899667650461197,0.4988107681274414,6.1042,51.0411,0.006228738052900448,0.08210656719823037,0.5870958598314133,1,0,0
02115,-0.026183752343058586,0.8836947679519653,-0.026183752343058586,0.8836947679519653,1,1,7.892,54.175,0.9040877241354721,0.9075784103290454,1,0,0,0
02171,0.37914708256721497,0.002786874771118164,0.24126200377941132,0.07282543182373047,0.13000789284706116,0.3728220462799072,9.7377,50.852,0.007339689991261699,0.12287893891334534,0.4790853348331175,1,0,0
02201,0.33473438024520874,0.01774275302886963,0.26751983165740967,0.06911671161651611,0.13591507077217102,0.4025038480758667,13.1044,54.575,0.02949732691049576,0.12074047911400888,0.500308521440096,1,0,0
02211,0.24332651495933533,0.05481851100921631,0.20016948878765106,0.1333022117614746,0.24646589159965515,0.08240795135498047,7.6525,50.737,0.07078506761384243,0.19063649639006586,0.20110564275619086,0,0,0
02252,0.43996912240982056,0.0014551877975463867,0.4585953950881958,0.001120448112487793,0.2156791239976883,0.15819907188415527,14.7456,50.8992,0.00553686088985867,0.012796173493067425,0.2719898054676671,1,1,0
02261,0.40270864963531494,0.0014876127243041992,0.2271554321050644,0.0891411304473877,0.12880703806877136,0.3827188014984131,11.876,50.3123,0.00553686088985867,0.1394796511706184,0.48943846730085516,1,0,0
02290,0.38364848494529724,0.0023415088653564453,0.2638440430164337,0.04666411876678467,0.24104905128479004,0.0894540548324585,11.0108,47.8009,0.006625971895583133,0.09332823753356934,0.20906158288319907,1,0,0
02323,0.28294065594673157,0.0988314151763916,0.1883004605770111,0.29583537578582764,0.24308113753795624,0.21047627925872803,9.4953,51.8529,0.11740279197692871,0.3524065613746643,0.3236224871839402,0,0,0
02349,-0.35451313853263855,0.017198115587234497,-0.3472035825252533,0.019658099859952927,-0.05080004781484604,0.7798545956611633,8.2033,48.6136,0.028953789532939093,0.05622639314782235,0.8501693542863502,1,0,0
02444,0.4392211139202118,4.2259693145751953e-4,0.38487496972084045,0.003440260887145996,0.3657735288143158,0.009974360466003418,11.583,50.9251,0.002770342477938024,0.02231974136538622,0.09210633530336268,1,1,0
02480,0.3836309015750885,0.002272963523864746,0.33791545033454895,0.010792136192321777,0.32459890842437744,0.022404074668884277,8.993,50.0643,0.006625971895583133,0.04173911827197973,0.09918069070385348,1,1,0
02483,0.15623033046722412,0.2380058765411377,0.1741282343864441,0.19803082942962646,0.12696239352226257,0.39529871940612793,8.4891,51.1803,0.2671289584807706,0.25570971178777013,0.49501937655775763,0,0,0
02486,0.5473136901855469,1.1670589447021484e-4,0.5445483326911926,1.8310546875e-4,0.47466570138931274,0.002619504928588867,7.7557,49.4262,0.0014854822948109359,0.00811767578125,0.05050645934210884,1,1,0
02497,0.3181957006454468,0.012386679649353027,0.31353050470352173,0.018429279327392578,0.36583617329597473,0.010887622833251953,6.5264,50.5014,0.022413991746448335,0.053870201110839844,0.09210633530336268,1,0,0
02559,0.3415974974632263,0.006690263748168945,0.28911638259887695,0.028948426246643066,0.2713015079498291,0.05316650867462158,10.3348,47.7233,0.0144683752602678,0.06785702705383301,0.14886622428894042,1,0,0
02578,0.3343190848827362,0.0077207088470458984,0.36804771423339844,0.0060613155364990234,0.37471136450767517,0.009934663772583008,11.4341,53.9995,0.0156771645291161,0.03058367855143997,0.09210633530336268,1,1,0
02597,0.2697423994541168,0.03238248825073242,0.19050289690494537,0.15098893642425537,0.09108717739582062,0.5321798324584961,10.0792,50.224,0.04706962773057281,0.2059643953274458,0.62087647120157885,1,0,0
02601,0.2995598018169403,0.02063143253326416,0.27951252460479736,0.03513455390930176,0.22149956226348877,0.13018429279327393,8.4469,50.2218,0.03247314233046312,0.07788159449895224,0.2455958998795097,1,0,0
02618,0.34855541586875916,0.006346940994262695,0.26544052362442017,0.046654462814331055,0.0245432797819376,0.8840166330337524,10.4803,50.8458,0.014061011558721873,0.09332823753356934,0.9405936975479127,1,0,0
02629,0.5839429497718811,2.6226043701171875e-6,0.5101956129074097,1.1241436004638672e-4,0.4287649393081665,0.0025436878204345703,6.0954,51.7612,3.6466121673583984e-4,0.005980443954467774,0.05050645934210884,1,1,0
02638,0.5235488414764404,5.841255187988281e-5,0.4680255055427551,3.6275386810302734e-4,0.2673935294151306,0.058794617652893066,8.7548,48.1054,0.0011392831802368164,0.008586003230168268,0.15958539077213832,1,1,0
02667,0.37989816069602966,0.002413153648376465,0.2598929703235626,0.0483318567276001,0.24997320771217346,0.07696127891540527,7.1575,50.8645,0.006756830215454101,0.0945314256583943,0.191536488934098,1,0,0
02680,0.31782084703445435,0.011467456817626953,0.18281811475753784,0.16928637027740479,0.05385837331414223,0.7160696983337402,10.4456,50.284,0.021036851817163926,0.22515087246894838,0.7903507873725101,1,0,0
02700,0.3131346106529236,0.01293480396270752,0.17859376966953278,0.18785881996154785,0.1440759003162384,0.32387781143188477,11.4872,48.8302,0.022849947214126587,0.24375827370620357,0.43954845837184364,1,0,0
02704,0.3948810398578644,0.002680182456970215,0.41795772314071655,0.0020543336868286133,0.4609985649585724,0.0016357898712158203,12.0094,51.7511,0.007201298318728052,0.015179243352678088,0.05050645934210884,1,1,0
02712,0.30552151799201965,0.01595282554626465,0.25702744722366333,0.04910385608673096,0.1645376831293106,0.2471306324005127,9.1307,47.6952,0.027201612790425617,0.09534033371584259,0.36592220465342207,1,0,0
02750,0.23459869623184204,0.06458139419555664,0.05830385535955429,0.6675713062286377,0.012504495680332184,0.943985104560852,11.3209,50.2524,0.08258966757700993,0.7018733891573818,0.9847060306399477,0,0,0
02794,0.29596737027168274,0.018613815307617188,0.33946186304092407,0.011438250541687012,0.28760337829589844,0.0452345609664917,12.4093,52.9362,0.030190700437964464,0.04225798116789924,0.13369325796763104,1,1,0
02812,0.4618033468723297,2.932548522949219e-4,0.33907437324523926,0.010746121406555176,0.15538300573825836,0.2867234945297241,7.828,48.3647,0.002295220599454992,0.04173911827197973,0.40398054122924804,1,1,0
02814,0.4990817606449127,8.237361907958984e-5,0.4382658302783966,0.00090885162353515625,0.3183947205543518,0.026625514030456543,9.7644,48.5122,0.0012683868408203125,0.01208772659301758,0.1041527460603153,1,1,0
02878,0.15666988492012024,0.29973864555358887,0.13781236112117767,0.39409077167510986,0.428359717130661,0.013021349906921387,11.8786,51.3909,0.32810897002985445,0.44231284922185327,0.0962133076455858,0,0,0
02907,-0.07993113994598389,0.5437490940093994,-0.006488993763923645,0.9743539094924927,0.05960511043667793,0.6972675323486328,8.9514,54.7903,0.5739573770099217,0.9930196931992453,0.7728048483530681,0,0,0
02925,0.33343157172203064,0.008054614067077637,0.3207777738571167,0.015308380126953125,0.2738267183303833,0.057024598121643066,10.3123,51.3932,0.016108986157089916,0.048735577484657025,0.1563767329933717,1,1,0
02928,0.29253241419792175,0.018994688987731934,0.2443237155675888,0.06604659557342529,0.26977306604385376,0.056122422218322754,12.4462,51.3151,0.030621741034767842,0.11712262948354087,0.15550587822993597,1,0,0
02932,0.3444971740245819,0.0062465667724609375,0.281470388174057,0.03706073760986328,0.33221176266670227,0.01988506317138672,12.2396,51.4347,0.01399995298946605,0.08080455905101339,0.09918069070385348,1,0,0
02947,0.13234825432300568,0.2953002452850342,0.03606613352894783,0.793350338935852,0.1688801348209381,0.23867392539978027,8.0348,51.1333,0.3245862200240458,0.8179503494454909,0.3607230917973952,0,0,0
02968,0.4083600342273712,0.0011627674102783203,0.35020315647125244,0.007991194725036621,0.2848556339740753,0.04406094551086426,6.9777,50.9894,0.004909462398952908,0.03664927235965071,0.13369325796763104,1,1,0
03015,0.235561341047287,0.061031341552734375,0.06711103022098541,0.6206210851669312,0.029792580753564835,0.8469692468643188,14.118,52.2085,0.07842674808225769,0.6577099946390584,0.9121207273923433,0,0,0
03028,0.26099658012390137,0.0407792329788208,0.1959151178598404,0.139978289604187,0.3086015284061432,0.030246973037719727,8.8388,51.7854,0.056203502447493954,0.19547617622695043,0.10669094324111938,0,0,0
03032,0.035054370760917664,0.7961077690124512,0,1,0.12271640449762344,0.408435583114624,8.4125,55.011,0.8207932812298916,1,0.50298085698375,0,0,0
03034,0.43398118019104004,0.00062656402587890625,0.3041999340057373,0.024118423461914063,0.24261339008808136,0.09669756889343262,11.635,50.4505,0.0031446420921469637,0.062441128604816945,0.21614750693826115,1,0,0
03093,0.35793337225914,0.004694938659667969,0.23840773105621338,0.07391214370727539,0.21850818395614624,0.12984085083007813,11.1374,52.9724,0.0112952133556744,0.12287893891334534,0.2455958998795097,1,0,0
03126,0.3992982506752014,0.001446843147277832,0.2623431086540222,0.04761040210723877,0.32720527052879333,0.021419525146484375,11.5827,52.1029,0.00553686088985867,0.09381012563352231,0.09918069070385348,1,0,0
03137,0.08094742894172668,0.5280699729919434,0.04920926317572594,0.720596432685852,0.12138025462627411,0.3963876962661743,8.2049,49.9658,0.5596279395054061,0.7487447308376431,0.49501937655775763,0,0,0
03147,0.2858843207359314,0.08264756202697754,0.1635889708995819,0.34936273097991943,0.25232604146003723,0.17533087730407715,12.2118,48.7548,0.10175121984174175,0.40056244155456283,0.28852265098212676,0,0,0
03155,0.2360885590314865,0.0660860538482666,0.12291818112134933,0.35627055168151855,0.2026100605726242,0.15604650974273682,6.8009,50.1015,0.0837090015411377,0.40672947101838597,0.2719898054676671,0,0,0
03164,0.5744132995605469,5.996227264404297e-5,0.49584558606147766,8.417367935180664e-4,0.4694578945636749,0.0031714439392089844,8.7745,50.8492,0.0011392831802368164,0.01178431510925293,0.05050645934210884,1,1,0
03166,0.349895179271698,0.006396174430847168,0.2519006133079529,0.05939328670501709,0.13160711526870728,0.36767828464508057,13.1469,50.6511,0.014061011558721873,0.10895596043816927,0.47708499373459234,1,0,0
03167,0.29633277654647827,0.019796133041381836,0.21531911194324493,0.10494399070739746,0.27361711859703064,0.06082320213317871,7.9603,50.6621,0.03153156520363813,0.15951486587524413,0.16021201398112986,1,0,0
03196,0.29473167657852173,0.02035212516784668,0.3135194480419159,0.016993165016174316,0.37887489795684814,0.007520437240600586,11.9324,53.3221,0.032224198182423905,0.05136570334434509,0.08110724045680119,1,0,0
03234,0.4437055289745331,0.0014986991882324219,0.3611968457698822,0.013960719108581543,0.2339802086353302,0.14107036590576172,13.4328,51.1294,0.00553686088985867,0.047467370576496366,0.2624106107058225,1,1,0
03244,0.07598276436328888,0.5574026107788086,0.05144196376204491,0.7088223695755005,0.2418665736913681,0.09178280830383301,10.1384,47.9821,0.586043851648866,0.7393990208120907,0.20918219517438838,0,0,0
03257,0.5371139049530029,3.063678741455078e-5,0.5452906489372253,4.8160552978515625e-5,0.5010599493980408,4.633665084838867e-4,9.7832,49.4797,7.108251253763835e-4,0.005980443954467774,0.05050645934210884,1,1,0
03271,0.4432692229747772,4.4226646423339844e-4,0.31610214710235596,0.0156862735748291,0.23551683127880096,0.09799826145172119,12.9189,48.8548,0.0027745962142944336,0.048735577484657025,0.21722947955131533,1,1,0
03289,0.3776024281978607,0.00396573543548584,0.23461031913757324,0.09280788898468018,0.07342533022165298,0.6404287815093994,11.7838,50.7281,0.009710141278188164,0.1443678273095025,0.7249108760914904,1,0,0
03307,-0.026522882282733917,0.8499902486801147,-0.037705231457948685,0.7921455502510071,0.1504451483488083,0.31560325622558594,11.2649,47.4814,0.8729629581039016,0.8179503494454909,0.4305152110564403,0,0,0
03366,0.3131346106529236,0.012867331504821777,0.23048797249794006,0.0868067741394043,0.3416486382484436,0.017476201057434082,12.5024,48.279,0.022849947214126587,0.13663078059811565,0.09918069070385348,1,0,0
03376,0.33390751481056213,0.0075147151947021484,0.2743597626686096,0.037468671798706055,0.22207362949848175,0.1234135627746582,14.1232,52.5176,0.015385044538057766,0.0810298105565513,0.2455958998795097,1,0,0
03379,0.3956371545791626,0.0016391277313232422,0.2448939085006714,0.06492757797241211,0.3301910161972046,0.020483732223510742,11.5429,48.1632,0.005564445181737972,0.11591097812524578,0.09918069070385348,1,0,0
03402,0.4692290723323822,2.3651123046875e-4,0.42865824699401855,0.0011545419692993164,0.3829578757286072,0.007628798484802246,9.4837,48.3851,0.002169378872575431,0.012796173493067425,0.08110724045680119,1,1,0
03426,0.29043856263160706,0.03086066246032715,0.26104113459587097,0.06944847106933594,0.08248624950647354,0.6055364608764648,14.7008,51.566,0.045605201191372347,0.12074047911400888,0.6883448657826481,1,0,0
03442,0.4625933766365051,3.439188003540039e-4,0.42891350388526917,0.0014367103576660156,0.34494152665138245,0.017491936683654785,8.7506,50.3574,0.0024374723434448242,0.014154257597746672,0.09918069070385348,1,1,0
03490,0.39938727021217346,0.0014969110488891602,0.23068244755268097,0.08021581172943115,0.10147427022457123,0.4792940616607666,7.0853,50.5346,0.00553686088985867,0.1293176116365375,0.5742892810890267,1,0,0
03513,0.25985684990882874,0.044098854064941406,0.1904420256614685,0.15779435634613037,0.0847911611199379,0.5746281147003174,11.1345,50.5003,0.05968672940225312,0.21198635751550848,0.664569906566454,0,0,0
03527,0.39546194672584534,0.001964569091796875,0.31219610571861267,0.018755316734313965,0.2364712804555893,0.10555768013000488,9.405,50.8923,0.0061479456284466915,0.054227328818777336,0.22383252779642743,1,0,0
03545,0.41635778546333313,0.0016525983810424805,0.31090161204338074,0.023447394371032715,0.3567168414592743,0.016890764236450195,7.2297,49.344,0.005564445181737972,0.06236884145453425,0.09918069070385348,1,0,0
03612,0.2816142141819,0.026089787483215332,0.13596835732460022,0.3102407455444336,0.040984056890010834,0.7918574810028076,9.2229,52.6711,0.03920838118946485,0.36515061201247495,0.8597309793744767,1,0,0
03621,0.3866816461086273,0.002196192741394043,0.30708378553390503,0.020331501960754395,0.34137335419654846,0.01643979549407959,10.5067,48.8253,0.006563901901245117,0.05719731003046036,0.09918069070385348,1,0,0
03631,0.009585565887391567,0.9518876075744629,0.05616428330540657,0.6884406805038452,0.02246950753033161,0.8925132751464844,7.1519,53.7123,0.9664202428046074,0.7209654370630819,0.9420973459879558,0,0,0
03667,0.38364848494529724,0.0023415088653564453,0.28788143396377563,0.028319478034973145,0.16606545448303223,0.2436140775680542,11.2539,49.4258,0.006625971895583133,0.06785702705383301,0.36405249793877764,1,0,0
03668,0.3888631761074066,0.0019470453262329102,0.2712915539741516,0.041769981384277344,0.23924684524536133,0.09127867221832275,11.0549,49.503,0.0061479456284466915,0.08748673266313206,0.20918219517438838,1,0,0
03679,0.39020660519599915,0.0033925771713256836,0.19992688298225403,0.15519678592681885,0.2294074147939682,0.1274632215499878,12.1665,47.6187,0.008433883435258242,0.2106242094721113,0.2455958998795097,1,0,0
03730,0.3836226463317871,0.0021663904190063477,0.38733145594596863,0.0032432079315185547,0.3358384370803833,0.017066240310668945,10.2759,47.3984,0.006548407402905551,0.022120341276511166,0.09918069070385348,1,1,0
03739,0.44382864236831665,4.2700767517089844e-4,0.36543986201286316,0.005390644073486328,0.3402089476585388,0.01782691478729248,12.4365,49.4521,0.002770342477938024,0.028962345123291017,0.09918069070385348,1,1,0
03761,0.5397665500640869,1.6570091247558594e-5,0.3357498049736023,0.010666370391845703,0.20744448900222778,0.15070343017578125,9.5176,49.207,6.296634674072266e-4,0.04173911827197973,0.26724741617838543,1,1,0
03811,0.3109530508518219,0.013520479202270508,0.3200291693210602,0.015939831733703613,0.24489858746528625,0.08959782123565674,13.0928,51.296,0.023401737213134766,0.048735577484657025,0.20906158288319907,1,1,0
03836,0.4042406380176544,0.002949237823486328,0.2934137284755707,0.03922533988952637,0.17675624787807465,0.2558722496032715,10.2211,50.4538,0.0076911496181114045,0.08280905087788899,0.376033250798178,1,0,0
03875,0.20726290345191956,0.10376524925231934,0.21964068710803986,0.09650015830993652,0.3086015284061432,0.030246973037719727,11.6897,49.151,0.12267358356051976,0.1492386169211809,0.10669094324111938,0,0,0
03904,0.2808169424533844,0.07650744915008545,0.25405871868133545,0.11944162845611572,0.25431427359580994,0.14677298069000244,6.3789,49.5354,0.09553145916662484,0.1763879357121926,0.2655892031533377,0,0,0
03927,0.504132091999054,7.998943328857422e-5,0.474111944437027,3.7109851837158203e-4,0.34671536087989807,0.01655125617980957,9.2869,47.9345,0.0012683868408203125,0.008586003230168268,0.09918069070385348,1,1,0
03939,0.38047587871551514,0.021776318550109863,0.26757001876831055,0.12002336978912354,0.13533298671245575,0.48331260681152344,7.5879,49.1912,0.0338742733001709,0.1763879357121926,0.5753268226981163,1,0,0
03946,0.4725070595741272,1.7559528350830078e-4,0.41770875453948975,0.0017184019088745117,0.4538939893245697,0.0017535686492919922,12.13,50.4818,0.001834282508263221,0.014429822112574722,0.05050645934210884,1,1,0
03987,0.29580947756767273,0.01812148094177246,0.15355010330677032,0.2547593116760254,0.13754944503307343,0.34285616874694824,13.0622,52.3812,0.02957247810129739,0.3181501263184167,0.4534291442077939,1,0,0
04024,0.2475937157869339,0.05099892616271973,0.2108522653579712,0.1139516830444336,0.3053673803806305,0.03384578227996826,13.4771,54.3643,0.06715700177863093,0.17028734657201874,0.1153694164903858,0,0,0
04032,0.37375181913375854,0.008115053176879883,0.28588998317718506,0.05354118347167969,0.3207869529724121,0.0448070764541626,11.132,51.7953,0.016108986157089916,0.1017282485961914,0.13369325796763104,1,0,0
04036,0.34165656566619873,0.01181173324584961,0.2582847476005554,0.07480847835540771,0.2471563220024109,0.1081932783126831,11.5412,51.3895,0.021520007146547917,0.1232388534663636,0.22483915649354458,1,0,0
04039,0.2494490146636963,0.05356013774871826,0.27001747488975525,0.04720926284790039,0.17154496908187866,0.24761652946472168,9.8776,53.7331,0.06952909958071825,0.09371390983239929,0.36592220465342207,0,0,0
04063,0.29953035712242126,0.016815185546875,0.13625572621822357,0.3062305450439453,0.10582038015127182,0.4706343412399292,8.5906,52.4461,0.028489422646297773,0.36203255547417534,0.5664648632118604,1,0,0
04094,0.3911163806915283,0.0018546581268310547,0.3368523418903351,0.009850621223449707,0.20645500719547272,0.14589035511016846,9.6206,47.8062,0.0059438441173139825,0.041591511832343206,0.2655892031533377,1,1,0
04104,0.44323116540908813,3.4821033477783203e-4,0.36466869711875916,0.005415558815002441,0.41199684143066406,0.002929091453552246,12.1019,49.0425,0.0024374723434448242,0.028962345123291017,0.05050645934210884,1,1,0
04169,0.46606555581092834,0.00018835067749023438,0.40511611104011536,0.0018709897994995117,0.4367143511772156,0.001891016960144043,7.9939,48.6703,0.0018556029708297163,0.01457376480102539,0.05050645934210884,1,1,0
04175,0.40271246433258057,0.001528024673461914,0.34838297963142395,0.00856637954711914,0.27961063385009766,0.049633145332336426,7.7721,47.559,0.005564445181737972,0.03861920833587647,0.14196146944517732,1,1,0
04177,0.34240588545799255,0.06714737415313721,0.17515569925308228,0.3751412630081177,0.16840827465057373,0.43196988105773926,8.3301,48.9726,0.08465024419305449,0.42462798280918856,0.5270825154190764,0,0,0
04261,0.36004623770713806,0.00471341609954834,0.3457363247871399,0.010330677032470703,0.25341275334358215,0.07704663276672363,12.1249,47.8819,0.0112952133556744,0.04173911827197973,0.191536488934098,1,1,0
04271,0.27563345432281494,0.02880859375,0.3116500973701477,0.02060067653656006,0.2866464853286743,0.04939925670623779,12.0808,54.1803,0.04305104459269663,0.05719731003046036,0.14196146944517732,1,0,0
04275,0.144199937582016,0.2881507873535156,0.1574103832244873,0.2708714008331299,0.16781215369701385,0.287838339805603,9.3398,53.1289,0.3193671226501465,0.3323645514826621,0.40398054122924804,0,0,0
04287,0.43399518728256226,5.637407302856445e-4,0.23344740271568298,0.08376145362854004,0.2627163827419281,0.06392908096313477,10.1732,49.3849,0.003039689064025879,0.133416447096956,0.166717015060724,1,0,0
04300,0.5481867790222168,1.52587890625e-5,0.41671866178512573,0.0013808012008666992,0.29433149099349976,0.038478732109069824,8.6356,48.1815,6.296634674072266e-4,0.014126658439636229,0.12482125293917773,1,1,0
04301,0.5467098355293274,1.1324882507324219e-5,0.46739161014556885,2.884864807128906e-4,0.4438624083995819,0.0015980005264282227,7.871,49.8502,6.296634674072266e-4,0.008526378207736546,0.05050645934210884,1,1,0
04323,0.43845993280410767,6.042718887329102e-4,0.3568269610404968,0.00739598274230957,0.1902340054512024,0.19025635719299316,7.8837,49.6468,0.0030910831231337325,0.03513091802597046,0.30136833588282264,1,1,0
04336,0.39260223507881165,0.0017495155334472656,0.3147096037864685,0.01571059226989746,0.2848556339740753,0.04406094551086426,7.1077,49.2128,0.005745322616012008,0.048735577484657025,0.13369325796763104,1,1,0
04371,0.21922996640205383,0.08670532703399658,0.10008474439382553,0.46077990531921387,0.12591327726840973,0.3943054676055908,8.7521,52.1042,0.105796408215794,0.5074406931222962,0.49501937655775763,0,0,0
04377,0.34487080574035645,0.006665945053100586,0.26718106865882874,0.04499256610870361,0.19321055710315704,0.18700313568115234,10.0034,50.3518,0.0144683752602678,0.09135895102988673,0.30136833588282264,1,0,0
04393,-0.0670989602804184,0.6081031560897827,-0.09400103241205215,0.4945055842399597,0.0806422084569931,0.5927252769470215,8.6031,54.3279,0.6335982447490096,0.5368917771748134,0.6825321370905096,0,0,0
04445,0.21021385490894318,0.09619510173797607,0.19858749210834503,0.13205957412719727,0.14106224477291107,0.3315579891204834,10.6533,51.7659,0.11578233964842369,0.18988025252883498,0.44419576414865464,0,0,0
04464,0.4479169547557831,4.981756210327148e-4,0.3012392520904541,0.024722576141357422,0.20686478912830353,0.15849030017852783,11.8041,50.5679,0.00281621515750885,0.062441128604816945,0.2719898054676671,1,0,0
04466,0.06993105262517929,0.5889687538146973,0.016973093152046204,0.911892294883728,0.1357184201478958,0.36241912841796875,9.5487,54.5275,0.6167940492705097,0.9329359632271986,0.47489403034078664,0,0,0
04501,0.2739103138446808,0.03728055953979492,0.22028270363807678,0.10256922245025635,0.12696239352226257,0.39529871940612793,10.7696,50.6545,0.05219278335571289,0.15680122512510453,0.49501937655775763,0,0,0
04508,0.27528470754623413,0.03174102306365967,0.30496838688850403,0.020642638206481934,0.304943323135376,0.03426384925842285,6.4194,50.2968,0.046537426801828236,0.05719731003046036,0.1153694164903858,1,0,0
04592,0.39712077379226685,0.001575469970703125,0.2982204556465149,0.022266149520874023,0.33277690410614014,0.019035816192626953,12.0871,49.3278,0.005564445181737972,0.0610597502324999,0.09918069070385348,1,0,0
04605,0.43313831090927124,5.713701248168945e-4,0.362296998500824,0.00595855712890625,0.3130435645580292,0.02930283546447754,11.1936,50.6441,0.003039689064025879,0.03058367855143997,0.10669094324111938,1,1,0
04625,0.2612231373786926,0.03758597373962402,0.19637447595596313,0.14036071300506592,0.3044529855251312,0.0365375280380249,11.3871,53.6424,0.05234486395151827,0.19547617622695043,0.12041258223262834,0,0,0
04651,0.3761736750602722,0.0026633739471435547,0.25014710426330566,0.06025981903076172,0.26038217544555664,0.0686873197555542,10.1885,51.904,0.007201298318728052,0.1097884374122097,0.17738667043667397,1,0,0
04703,0.4094788730144501,0.001206517219543457,0.3721611499786377,0.004797577857971191,0.23466278612613678,0.09907126426696777,9.1943,48.0719,0.005014587193727493,0.02877969741821289,0.21779302723151592,1,1,0
04745,0.12461235374212265,0.33383822441101074,0.10555008053779602,0.4372960329055786,0.07817631214857101,0.6034002304077148,9.793,52.9604,0.3624529293605259,0.48669767679030923,0.6883448657826481,0,0,0
04748,0.3759075105190277,0.021367669105529785,0.287916362285614,0.0854346752166748,0.22906938195228577,0.20447885990142822,10.88,51.3691,0.033434117541593665,0.13527156909306842,0.3199492749045877,1,0,0
04763,0.4126645624637604,0.0016008615493774414,0.34923070669174194,0.011075854301452637,0.1028289794921875,0.5010179281234741,9.9266,51.0607,0.005564445181737972,0.04208824634552002,0.5870958981534983,1,1,0
04878,0.169411301612854,0.3807457685470581,0.14991673827171326,0.4616565704345703,0.1734365075826645,0.43168091773986816,10.881,51.6647,0.4083805420706349,0.5074406931222962,0.5270825154190764,0,0,0
04887,0.4400673806667328,4.793405532836914e-4,0.3260672986507416,0.013393878936767578,0.3237459063529968,0.0241621732711792,9.8648,48.6656,0.0027745962142944336,0.04687857627868652,0.10042403265833855,1,1,0
04911,0.4777253270149231,1.5807151794433594e-4,0.4808647632598877,2.70843505859375e-4,0.35865575075149536,0.011772990226745605,12.5597,48.8275,0.0018281314683997111,0.008526378207736546,0.09210633530336268,1,1,0
04928,0.4827699363231659,1.0502338409423828e-4,0.3358616828918457,0.010441303253173828,0.312612384557724,0.029397010803222656,9.2,48.8281,0.001470327377319336,0.04173911827197973,0.10669094324111938,1,1,0
04931,0.43775272369384766,5.081892013549805e-4,0.3765551745891571,0.004706859588623047,0.3214426040649414,0.022934675216674805,9.2235,48.6883,0.00281621515750885,0.02877969741821289,0.09918069070385348,1,1,0
05009,0.2949664294719696,0.01942741870880127,0.29289549589157104,0.024694204330444336,0.35050174593925476,0.014589190483093262,12.5574,53.761,0.03113068299121167,0.062441128604816945,0.09918069070385348,1,0,0
05014,0.4046136140823364,0.0012782812118530273,0.4823371171951294,2.537965774536133e-4,0.4474567472934723,0.0016582012176513672,8.9857,53.2758,0.005231120036198542,0.008526378207736546,0.05050645934210884,1,1,0
05017,0.31596875190734863,0.013057112693786621,0.20274928212165833,0.12704527378082275,0.1320553869009018,0.3710932731628418,11.3888,50.4002,0.022849947214126587,0.1836632762266242,0.4790853348331175,1,0,0
05046,0.5707147717475891,3.2067298889160156e-5,0.43901705741882324,0.0023403167724609375,0.28137093782424927,0.07277548313140869,12.3542,49.8576,7.108251253763835e-4,0.016824980039854307,0.18613729339379528,1,1,0
05078,-0.5933432579040527,1.3777239473711234e-5,-0.5800468921661377,2.775100620056037e-5,-0.20054516196250916,0.1757168024778366,10.8892,53.9619,6.296634674072266e-4,0.005980443954467774,0.28852265098212676,1,1,0
05099,0.5194271206855774,3.2329559326171875e-4,0.374119371175766,0.01322329044342041,0.358471155166626,0.02705097198486328,6.6131,49.7326,0.0024374723434448242,0.04687857627868652,0.10428345721700917,1,1,0
05100,0.39556649327278137,0.0015933513641357422,0.23750580847263336,0.07099759578704834,0.28438371419906616,0.04474282264709473,6.6583,49.7479,0.005564445181737972,0.12106000307278755,0.13369325796763104,1,0,0
05111,-0.05525554344058037,0.6728353500366211,-0.137722447514534,0.3132266402244568,-0.0034588000271469355,1,12.5396,48.0311,0.6963976774698102,0.36543108026186627,1,0,0,0
05142,0.21197791397571564,0.098865509033203125,0.311408132314682,0.02488255500793457,0.20576663315296173,0.16256201267242432,14.0698,53.7445,0.11740279197692871,0.062441128604816945,0.27503592563125323,0,0,0
05146,0.4529978930950165,0.0014017820358276367,0.5178237557411194,5.35130500793457e-4,0.3963963985443115,0.014792084693908691,10.5289,52.9414,0.00553686088985867,0.010167479515075684,0.09918069070385348,1,1,0
05149,0.3033631443977356,0.075813889503479,0.16046999394893646,0.3806898593902588,0.013589414767920971,0.970689058303833,10.1969,49.5679,0.09512497456568593,0.4290826381263087,1,0,0,0
05229,0.46443650126457214,2.894401550292969e-4,0.42728346586227417,9.711980819702148e-4,0.3359736502170563,0.01807117462158203,8.4608,48.0453,0.002295220599454992,0.01230184237162272,0.09918069070385348,1,1,0
05279,0.34054648876190186,0.007184743881225586,0.25545570254325867,0.05546891689300537,0.23322997987270355,0.10587525367736816,9.5749,51.6194,0.015250338448418511,0.10317994331146454,0.22383252779642743,1,0,0
05300,0.5029287338256836,1.79290771484375e-4,0.36806684732437134,0.008711099624633789,0.40174204111099243,0.0071642398834228516,8.3607,50.2596,0.001834282508263221,0.03861920833587647,0.08110724045680119,1,1,0
05335,0.42307376861572266,0.0026172399520874023,0.336916446685791,0.0230180025100708,0.2592661678791046,0.10602593421936035,10.5483,50.8963,0.007177173476858237,0.06236884145453425,0.22383252779642743,1,0,0
05349,0.2425643503665924,0.05358445644378662,0.2862032949924469,0.02867710590362549,0.3770085871219635,0.007927775382995605,12.6654,53.5196,0.06952909958071825,0.06785702705383301,0.08110724045680119,0,0,0
05371,0.20297786593437195,0.11520671844482422,0.16520395874977112,0.21747446060180664,0.20686478912830353,0.15849030017852783,9.9427,50.4973,0.13499994319966185,0.2781163775003873,0.2719898054676671,0,0,0
05397,0.3378436863422394,0.007306933403015137,0.31822603940963745,0.015613317489624023,0.2888808846473694,0.04225170612335205,12.1844,49.6662,0.015304285710252176,0.048735577484657025,0.13369325796763104,1,1,0
05404,0.2302594631910324,0.0830075740814209,0.1905946284532547,0.17571985721588135,0.16024376451969147,0.2963418960571289,11.6946,48.4024,0.10175121984174175,0.23254468666380318,0.41270651492772925,0,0,0
05424,0.4520123302936554,0.00907444953918457,0.40863457322120667,0.024734020233154297,0.1930593103170395,0.3400230407714844,11.3544,51.0177,0.01761900421476712,0.062441128604816945,0.45223064422607423,1,0,0
05426,0.33343157172203064,0.00796520709991455,0.27188801765441895,0.03880274295806885,0.2058226615190506,0.14982378482818604,8.1212,49.3758,0.016051099155888413,0.08257223701477051,0.26724741617838543,1,0,0
05433,0.37763217091560364,0.0027254819869995117,0.3519825339317322,0.006665587425231934,0.42095106840133667,0.002736330032348633,6.812,49.5534,0.007249782085418701,0.03283418990947582,0.05050645934210884,1,1,0
05440,0.2143917977809906,0.08986639976501465,0.0927981585264206,0.48975276947021484,0.15318499505519867,0.2768440246582031,10.9308,49.0115,0.10865664698860861,0.5339108060617915,0.393799521706321,0,0,0
05490,0.2644389271736145,0.03501713275909424,0.3075495660305023,0.0236814022064209,0.20937688648700714,0.14968633651733398,10.7686,51.8454,0.049545517627229085,0.06236884145453425,0.26724741617838543,1,0,0
05516,0.31138381361961365,0.01800382137298584,0.2949167490005493,0.032222867012023926,0.15434084832668304,0.308063268661499,11.0606,54.5283,0.02957247810129739,0.07453289239302925,0.42239602816473576,1,0,0
05546,0.41096052527427673,0.0011608600616455078,0.41487836837768555,0.0019176006317138672,0.28489041328430176,0.04761362075805664,12.4586,52.1206,0.004909462398952908,0.01457376480102539,0.13917827606201172,1,1,0
05629,0.1331290900707245,0.2941100597381592,0.150127112865448,0.26613712310791016,0.13850778341293335,0.33231186866760254,12.6446,51.8891,0.3245862200240458,0.33080595676029956,0.44419576414865464,0,0,0
05664,0.2615375220775604,0.04114961624145508,0.24901707470417023,0.0582810640335083,0.19925320148468018,0.16440117359161377,8.2391,48.2953,0.05642163876405697,0.10765807661745284,0.27503592563125323,0,0,0
05692,0.4169820547103882,8.264780044555664e-4,0.32229089736938477,0.015062093734741211,0.21562427282333374,0.1281137466430664,8.3659,49.6051,0.0037903991238824254,0.048735577484657025,0.2455958998795097,1,1,0
05705,0.4055441915988922,0.0013248920440673828,0.34791114926338196,0.0078965425491333,0.2648231089115143,0.06083238124847412,9.9576,49.7704,0.005339716420029149,0.03664927235965071,0.16021201398112986,1,1,0
05717,0.18188057839870453,0.1505340337753296,0.07648491859436035,0.567837119102478,-0.0026755859144032,1,7.1052,51.2256,0.1733422207109856,0.6066051151857798,1,0,0,0
05731,0.4099772870540619,0.001127481460571289,0.4068075120449066,0.0016840696334838867,0.37228113412857056,0.007825136184692383,8.3801,47.6783,0.004909462398952908,0.014429822112574722,0.08110724045680119,1,1,0
05745,0.3103427290916443,0.01354837417602539,0.2788524925708771,0.0360872745513916,0.19925320148468018,0.16440117359161377,13.3268,52.9664,0.023401737213134766,0.07933235562537326,0.27503592563125323,1,0,0
05750,0.2536335587501526,0.044428467750549316,0.16263771057128906,0.22553730010986328,0.01909472979605198,0.9105026721954346,12.1495,51.0314,0.05968672940225312,0.2870474728670987,0.9572873944821564,0,0,0
05779,0.1909472942352295,0.15688848495483398,0.20031453669071198,0.14379703998565674,-0.06333005428314209,0.687272846698761,13.7516,50.7313,0.17988076292235275,0.19921881581346196,0.7649145490454828,0,0,0
05792,1,1,1,1,1,1,10.9848,47.421,1,1,1,0,0,0
05797,0.33448368310928345,0.01298058032989502,0.222945898771286,0.12620127201080322,0.16514846682548523,0.2997584342956543,12.4329,50.6879,0.022849947214126587,0.18344010029985605,0.4152903308471044,1,0,0
05825,0.288734495639801,0.022769927978515625,0.3180176019668579,0.017186760902404785,0.31501123309135437,0.028239727020263672,12.7867,52.6198,0.03501040949297778,0.05136717303415363,0.10669094324111938,1,0,0
05906,0.43919679522514343,4.793405532836914e-4,0.2926284670829773,0.02908158302307129,0.23322997987270355,0.10587525367736816,8.5584,49.5063,0.0027745962142944336,0.06785702705383301,0.22383252779642743,1,0,0
05941,0.34313175082206726,0.009537220001220703,0.20782823860645294,0.14019501209259033,0.182810977101326,0.23036503791809082,12.4698,47.6754,0.018316555366241674,0.19547617622695043,0.35117319107055667,1,0,0
06159,0.23182228207588196,0.06554770469665527,0.1478618085384369,0.2711395025253296,0.08574371784925461,0.5601704120635986,7.3197,52.9542,0.0834243514321067,0.3323645514826621,0.6506782952354465,0,0,0
06314,0.4382806122303009,0.0102463960647583,0.17974670231342316,0.3315882682800293,0.04081122949719429,0.8624476194381714,13.3003,51.0507,0.019177698588871455,0.3830555713537968,0.9250446240748128,1,0,0
